{
    "spawnX": -275,
    "spawnY": -2325,
    "spawnAngle": -0.0872664626,
        "barriers": [
          {
            "id": "b1",
            "x1": 50,
            "y1": 50,
            "x2": 2430,
            "y2": 50
          },
          {
            "id": "b2",
            "x1": 50,
            "y1": 50,
            "x2": 50,
            "y2": 3458
          },
          {
            "id": "b3",
            "x1": 50,
            "y1": 3458,
            "x2": 2430,
            "y2": 3458
          },
          {
            "id": "b4",
            "x1": 2430,
            "y1": 50,
            "x2": 2430,
            "y2": 3458
          },
          {
            "id": "b5",
            "x1": 530,
            "y1": 463,
            "x2": 1240,
            "y2": 705
          },
          {
            "id": "b6",
            "x1": 520,
            "y1": 490,
            "x2": 1238,
            "y2": 742
          },
          {
            "id": "b7",
            "x1": 2060,
            "y1": 432,
            "x2": 1240,
            "y2": 705
          },
          {
            "id": "b8",
            "x1": 2068,
            "y1": 462,
            "x2": 1238,
            "y2": 742
          },
          {
            "id": "b9",
            "x1": 770,
            "y1": 1762,
            "x2": 1235,
            "y2": 725
          },
          {
            "id": "b10",
            "x1": 800,
            "y1": 1780,
            "x2": 1275,
            "y2": 710
          },
          {
            "id": "b11",
            "x1": 420,
            "y1": 1760,
            "x2": 795,
            "y2": 1760
          },
          {
            "id": "b12",
            "x1": 458,
            "y1": 1795,
            "x2": 790,
            "y2": 1795
          },
          {
            "id": "b13",
            "x1": 2060,
            "y1": 1456,
            "x2": 795,
            "y2": 1760
          },
          {
            "id": "b14",
            "x1": 2071,
            "y1": 1494,
            "x2": 790,
            "y2": 1795
          },
          {
            "id": "b15",
            "x1": 1510,
            "y1": 1092,
            "x2": 2470,
            "y2": 930
          },
          {
            "id": "b16",
            "x1": 1516,
            "y1": 1128,
            "x2": 2455,
            "y2": 975
          },
          {
            "id": "b17",
            "x1": 420,
            "y1": 1760,
            "x2": 535,
            "y2": 2955
          },
          {
            "id": "b18",
            "x1": 458,
            "y1": 1795,
            "x2": 565,
            "y2": 2915
          },
          {
            "id": "b19",
            "x1": 2025,
            "y1": 2591,
            "x2": 535,
            "y2": 2955
          },
          {
            "id": "b20",
            "x1": 2015,
            "y1": 2550,
            "x2": 565,
            "y2": 2915
          },
          {
            "id": "b21",
            "x1": 930,
            "y1": 2240,
            "x2": 2465,
            "y2": 1820
          },
          {
            "id": "b22",
            "x1": 940,
            "y1": 2270,
            "x2": 2445,
            "y2": 1865
          },
          {
            "id": "b23",
            "x1": 200,
            "y1": 965,
            "x2": 610,
            "y2": 1035
          },
          {
            "id": "b24",
            "x1": 195,
            "y1": 995,
            "x2": 600,
            "y2": 1070
          },
          {
            "id": "c0",
            "x1": 40,
            "y1": 2190,
            "x2": 460,
            "y2": 2150
          },
          {
            "id": "c1",
            "x1": 1240,
            "y1": 720,
            "x2": 1240,
            "y2": 5
          },
          {
            "id": "c2",
            "x1": 2050,
            "y1": 1480,
            "x2": 4660,
            "y2": 1480
          },
          {
            "id": "c3",
            "x1": 2000,
            "y1": 2580,
            "x2": 4660,
            "y2": 2580
          }
        ]    
}